"","X1","X2","value","SigStar"
"1","11","X11",NA,NA
"2","22","X11",0.628254995338232,NA
"3","26","X11",-1.30411808107802,NA
"4","35","X11",-3.00375275550442,NA
"5","36","X11",-4.18783672937336,NA
"6","37","X11",-1.8017339889804,NA
"7","40","X11",-4.29756349596928,NA
"8","42","X11",-5.02001135593336,"*"
"9","3","X11",-0.173050191033093,NA
"10","14","X11",-2.12431403167291,NA
"11","15","X11",-3.78793412571279,NA
"12","18","X11",1.79117586057092,NA
"13","23","X11",-4.15227274525637,NA
"14","27","X11",-1.22205422184558,NA
"15","34","X11",-3.67810447008496,NA
"16","38","X11",-0.823193465526922,NA
"17","41","X11",-2.90836879317558,NA
"18","1","X11",-1.0543159986505,NA
"19","12","X11",-1.10148592991154,NA
"20","28","X11",-2.45955299049945,NA
"21","29","X11",-4.58034269273898,NA
"22","30","X11",-1.65353459373632,NA
"23","31","X11",-3.33013169297286,NA
"24","32","X11",-3.35484835620932,NA
"25","39","X11",-1.57814501531659,NA
"26","2","X11",-1.23446966386204,NA
"27","6","X11",-1.87619923690678,NA
"28","8","X11",-2.73436237055514,NA
"29","13","X11",-3.8887463909351,NA
"30","4","X11",-0.477838548199489,NA
"31","5","X11",0.544612066952979,NA
"32","17","X11",-0.197144598515185,NA
"33","7","X11",1.22717453220463,NA
"34","9","X11",1.79663551509242,NA
"35","10","X11",-3.47655457344192,NA
"36","16","X11",-0.94283367415921,NA
"37","19","X11",-0.204379838844999,NA
"38","20","X11",0.28686998379496,NA
"39","21","X11",4.44720615453246,NA
"40","24","X11",2.71294728953136,NA
"41","25","X11",0.08241969381302,NA
"42","33","X11",4.31801702889237,NA
"43","11","X22",0.628254995338232,NA
"44","22","X22",NA,NA
"45","26","X22",-11.9611063343004,"*"
"46","35","X22",-3.84409965114734,NA
"47","36","X22",-4.78757847483006,NA
"48","37","X22",-3.42701989884548,NA
"49","40","X22",-3.21344925340621,NA
"50","42","X22",-1.01123537478011,NA
"51","3","X22",-0.200099245770355,NA
"52","14","X22",-1.13421199326819,NA
"53","15","X22",-1.79848976205182,NA
"54","18","X22",-0.153152587596374,NA
"55","23","X22",0.0753706188584047,NA
"56","27","X22",-0.564736365693416,NA
"57","34","X22",-0.655920035926223,NA
"58","38","X22",-1.34515565539978,NA
"59","41","X22",-0.932510272275141,NA
"60","1","X22",-0.752120471437793,NA
"61","12","X22",-3.30108434574251,NA
"62","28","X22",-0.8928032345469,NA
"63","29","X22",-2.29629984493028,NA
"64","30","X22",-1.46375096564855,NA
"65","31","X22",-2.25488807738833,NA
"66","32","X22",-5.75217742194505,"*"
"67","39","X22",-4.40124439913004,NA
"68","2","X22",-3.86384976895041,NA
"69","6","X22",-1.72220000046307,NA
"70","8","X22",-3.08115652385257,NA
"71","13","X22",-2.92728209727092,NA
"72","4","X22",0.263882836417858,NA
"73","5","X22",-1.81149656279638,NA
"74","17","X22",-0.935963557606259,NA
"75","7","X22",-3.22123326909994,NA
"76","9","X22",-2.33236483972328,NA
"77","10","X22",-1.82485386195791,NA
"78","16","X22",-2.26515322587333,NA
"79","19","X22",-3.04779537455505,NA
"80","20","X22",-0.0916839954104783,NA
"81","21","X22",-4.86735423032143,NA
"82","24","X22",-4.39581260679943,NA
"83","25","X22",-4.54912971273842,NA
"84","33","X22",-4.51473097261498,NA
"85","11","X26",-1.30411808107802,NA
"86","22","X26",-11.9611063343004,"*"
"87","26","X26",NA,NA
"88","35","X26",-3.2308030687551,NA
"89","36","X26",-2.62240999371725,NA
"90","37","X26",-2.75281274734891,NA
"91","40","X26",-3.2504104680179,NA
"92","42","X26",-0.496876902106426,NA
"93","3","X26",-0.956997248132889,NA
"94","14","X26",-1.52793767302649,NA
"95","15","X26",-0.750461952546814,NA
"96","18","X26",0.315000617920127,NA
"97","23","X26",-0.880529671302149,NA
"98","27","X26",-0.974718374438082,NA
"99","34","X26",-0.746122670018796,NA
"100","38","X26",-0.357065190395281,NA
"101","41","X26",-0.756202139741988,NA
"102","1","X26",-1.02315677210108,NA
"103","12","X26",-0.178304570130753,NA
"104","28","X26",-0.6316201896117,NA
"105","29","X26",-1.54427659149614,NA
"106","30","X26",0.12464141049865,NA
"107","31","X26",-2.57331573613489,NA
"108","32","X26",-1.76431575526401,NA
"109","39","X26",-3.26189735300755,NA
"110","2","X26",-1.87982997205283,NA
"111","6","X26",0.0705610851577688,NA
"112","8","X26",-1.96720970085824,NA
"113","13","X26",-3.17224328294403,NA
"114","4","X26",-0.0058340642007882,NA
"115","5","X26",-1.82514181461532,NA
"116","17","X26",-3.04858683359171,NA
"117","7","X26",-2.16502876038017,NA
"118","9","X26",-0.384285382595812,NA
"119","10","X26",-2.63048803123007,NA
"120","16","X26",-1.75816907612781,NA
"121","19","X26",-1.22683128053536,NA
"122","20","X26",-0.676927612903897,NA
"123","21","X26",-7.85525641142778,"*"
"124","24","X26",-2.66487633095963,NA
"125","25","X26",-6.19287339694515,"*"
"126","33","X26",-2.89288936508936,NA
"127","11","X35",-3.00375275550442,NA
"128","22","X35",-3.84409965114734,NA
"129","26","X35",-3.2308030687551,NA
"130","35","X35",NA,NA
"131","36","X35",-1.83747848971913,NA
"132","37","X35",-0.684811144998392,NA
"133","40","X35",-1.16130836971,NA
"134","42","X35",-1.452968364058,NA
"135","3","X35",0.249513063462629,NA
"136","14","X35",-0.524730087308763,NA
"137","15","X35",-0.756034365052553,NA
"138","18","X35",-0.799207109301825,NA
"139","23","X35",-0.696902732549154,NA
"140","27","X35",-0.937209340432183,NA
"141","34","X35",0.659245942801434,NA
"142","38","X35",-0.659139794875621,NA
"143","41","X35",-0.133871495658475,NA
"144","1","X35",-3.1675928721567,NA
"145","12","X35",-3.62490594889497,NA
"146","28","X35",-1.47628399346489,NA
"147","29","X35",-3.78912343957686,NA
"148","30","X35",-2.04240524148224,NA
"149","31","X35",-4.75484590343696,NA
"150","32","X35",-3.50780051432898,NA
"151","39","X35",-3.27755159561731,NA
"152","2","X35",-1.93234127701553,NA
"153","6","X35",0.0413557851831213,NA
"154","8","X35",-0.361954280663892,NA
"155","13","X35",-2.30479223534843,NA
"156","4","X35",-0.980486495854382,NA
"157","5","X35",-0.914180161942948,NA
"158","17","X35",-0.913821840374491,NA
"159","7","X35",-0.715837664737751,NA
"160","9","X35",2.60145106640311,NA
"161","10","X35",0.290677472926605,NA
"162","16","X35",-0.118262669930518,NA
"163","19","X35",0.292720296448652,NA
"164","20","X35",-0.0133752874265347,NA
"165","21","X35",-3.79930621507368,NA
"166","24","X35",-0.457593399220091,NA
"167","25","X35",-0.206439991449732,NA
"168","33","X35",-0.38838025541598,NA
"169","11","X36",-4.18783672937336,NA
"170","22","X36",-4.78757847483006,NA
"171","26","X36",-2.62240999371725,NA
"172","35","X36",-1.83747848971913,NA
"173","36","X36",NA,NA
"174","37","X36",-11.2543292768129,"*"
"175","40","X36",0.521229408303173,NA
"176","42","X36",0.889367975709361,NA
"177","3","X36",-0.15154316085213,NA
"178","14","X36",-0.172236447292074,NA
"179","15","X36",1.97663845179752,NA
"180","18","X36",-2.08552283782853,NA
"181","23","X36",-4.39351791094049,NA
"182","27","X36",-0.744733526964286,NA
"183","34","X36",0.952468874546859,NA
"184","38","X36",-0.107792273654061,NA
"185","41","X36",3.53331368656981,NA
"186","1","X36",-4.50270968090133,NA
"187","12","X36",-0.334182300399715,NA
"188","28","X36",-2.71195466960696,NA
"189","29","X36",0.131035606769197,NA
"190","30","X36",-0.176999039164155,NA
"191","31","X36",-2.3587554220957,NA
"192","32","X36",-1.20885523445248,NA
"193","39","X36",-4.95751065969115,"*"
"194","2","X36",-3.78402201125251,NA
"195","6","X36",-2.01295815393694,NA
"196","8","X36",-2.53647787990441,NA
"197","13","X36",-1.54549745842173,NA
"198","4","X36",-7.78681093542863,"*"
"199","5","X36",-3.53843752657764,NA
"200","17","X36",-6.09358630105175,"*"
"201","7","X36",-6.03953555831942,"*"
"202","9","X36",-2.91538995162381,NA
"203","10","X36",-4.63792452687338,NA
"204","16","X36",-8.46580246079077,"*"
"205","19","X36",-6.82288433146613,"*"
"206","20","X36",-2.54285281553444,NA
"207","21","X36",-18.3601968579164,"*"
"208","24","X36",-8.95327321967339,"*"
"209","25","X36",-7.66663044059394,"*"
"210","33","X36",-11.5246570336934,"*"
"211","11","X37",-1.8017339889804,NA
"212","22","X37",-3.42701989884548,NA
"213","26","X37",-2.75281274734891,NA
"214","35","X37",-0.684811144998392,NA
"215","36","X37",-11.2543292768129,"*"
"216","37","X37",NA,NA
"217","40","X37",-6.02350745450486,"*"
"218","42","X37",-0.865467559031996,NA
"219","3","X37",-1.72976326226593,NA
"220","14","X37",-2.2162235219492,NA
"221","15","X37",-1.68456510642296,NA
"222","18","X37",1.20654219028268,NA
"223","23","X37",-2.86188641621398,NA
"224","27","X37",-2.39541181636271,NA
"225","34","X37",-1.41441318243804,NA
"226","38","X37",-3.17603376013985,NA
"227","41","X37",-2.92292903569556,NA
"228","1","X37",-6.64105761641182,"*"
"229","12","X37",-0.441464123049742,NA
"230","28","X37",-0.556452048332362,NA
"231","29","X37",-0.889214282744077,NA
"232","30","X37",0.750606441328775,NA
"233","31","X37",-4.2240736656306,NA
"234","32","X37",-1.41081864679727,NA
"235","39","X37",-13.1600671886741,"*"
"236","2","X37",-3.90857129649983,NA
"237","6","X37",-3.28429633639529,NA
"238","8","X37",-5.03128267795028,"*"
"239","13","X37",-5.86160561146236,"*"
"240","4","X37",-2.66247318085395,NA
"241","5","X37",-4.73092159920571,NA
"242","17","X37",-5.27254394484976,"*"
"243","7","X37",-4.50352106865157,NA
"244","9","X37",0.144758941317886,NA
"245","10","X37",-0.151528063122629,NA
"246","16","X37",-4.13352502706731,NA
"247","19","X37",-4.4711552707874,NA
"248","20","X37",-0.195046009525008,NA
"249","21","X37",-9.33707216891129,"*"
"250","24","X37",-3.45516472564972,NA
"251","25","X37",-2.54874269315409,NA
"252","33","X37",-5.35666694108641,"*"
"253","11","X40",-4.29756349596928,NA
"254","22","X40",-3.21344925340621,NA
"255","26","X40",-3.2504104680179,NA
"256","35","X40",-1.16130836971,NA
"257","36","X40",0.521229408303173,NA
"258","37","X40",-6.02350745450486,"*"
"259","40","X40",NA,NA
"260","42","X40",0.799236187220987,NA
"261","3","X40",0.694244773420258,NA
"262","14","X40",-0.169134360732429,NA
"263","15","X40",1.8391752409017,NA
"264","18","X40",-1.9569995862224,NA
"265","23","X40",-2.12877944025167,NA
"266","27","X40",0.965486302726443,NA
"267","34","X40",1.702923522772,NA
"268","38","X40",1.13533783826382,NA
"269","41","X40",5.86831662692816,"*"
"270","1","X40",-0.986317960072647,NA
"271","12","X40",-0.870703633419603,NA
"272","28","X40",-0.460702541863256,NA
"273","29","X40",0.28334542315792,NA
"274","30","X40",0.23407970656974,NA
"275","31","X40",-3.67439034879246,NA
"276","32","X40",0.742862638539583,NA
"277","39","X40",-4.30093957349611,NA
"278","2","X40",-2.26547688818479,NA
"279","6","X40",-1.98392749963209,NA
"280","8","X40",-1.58842612406791,NA
"281","13","X40",-1.96587001456023,NA
"282","4","X40",-7.13399459940126,"*"
"283","5","X40",0.0469866686924053,NA
"284","17","X40",-1.07287425852996,NA
"285","7","X40",-2.13554583655789,NA
"286","9","X40",-2.53615173120367,NA
"287","10","X40",-7.59150721937838,"*"
"288","16","X40",-5.35671309335623,"*"
"289","19","X40",-2.00968420145415,NA
"290","20","X40",-2.16320704713175,NA
"291","21","X40",-1.99488159932287,NA
"292","24","X40",-4.4663966031806,NA
"293","25","X40",-9.27788517443844,"*"
"294","33","X40",-6.45316004516575,"*"
"295","11","X42",-5.02001135593336,"*"
"296","22","X42",-1.01123537478011,NA
"297","26","X42",-0.496876902106426,NA
"298","35","X42",-1.452968364058,NA
"299","36","X42",0.889367975709361,NA
"300","37","X42",-0.865467559031996,NA
"301","40","X42",0.799236187220987,NA
"302","42","X42",NA,NA
"303","3","X42",0.136195769728938,NA
"304","14","X42",1.65930722149276,NA
"305","15","X42",1.24867943146924,NA
"306","18","X42",-3.67634871172999,NA
"307","23","X42",0.188475684151116,NA
"308","27","X42",0.00828450585679506,NA
"309","34","X42",2.74883407493293,NA
"310","38","X42",0.553965041750957,NA
"311","41","X42",4.67183193658412,NA
"312","1","X42",-0.90471245103812,NA
"313","12","X42",-0.501002541319332,NA
"314","28","X42",-3.26151452891038,NA
"315","29","X42",-0.0298907975047339,NA
"316","30","X42",0.203977586401055,NA
"317","31","X42",0.140885191456598,NA
"318","32","X42",-0.497446557577459,NA
"319","39","X42",-3.54726212503603,NA
"320","2","X42",-0.170974056466677,NA
"321","6","X42",0.776713148921328,NA
"322","8","X42",0.336620628944815,NA
"323","13","X42",0.352462143142967,NA
"324","4","X42",-2.80018183439567,NA
"325","5","X42",-0.0564171861170193,NA
"326","17","X42",-0.969775745619195,NA
"327","7","X42",-1.70159290387304,NA
"328","9","X42",-0.629126960093813,NA
"329","10","X42",-2.70257954733855,NA
"330","16","X42",-1.48228163707917,NA
"331","19","X42",-0.521389896544539,NA
"332","20","X42",-1.54553530555865,NA
"333","21","X42",-3.32889987498869,NA
"334","24","X42",-2.32420910616413,NA
"335","25","X42",-5.09119097435568,"*"
"336","33","X42",-2.78388491644208,NA
"337","11","X3",-0.173050191033093,NA
"338","22","X3",-0.200099245770355,NA
"339","26","X3",-0.956997248132889,NA
"340","35","X3",0.249513063462629,NA
"341","36","X3",-0.15154316085213,NA
"342","37","X3",-1.72976326226593,NA
"343","40","X3",0.694244773420258,NA
"344","42","X3",0.136195769728938,NA
"345","3","X3",NA,NA
"346","14","X3",-0.626580662934426,NA
"347","15","X3",5.73199411073874,"*"
"348","18","X3",-0.0626854145077742,NA
"349","23","X3",-3.34279164346182,NA
"350","27","X3",2.10591511041937,NA
"351","34","X3",-1.07309686309027,NA
"352","38","X3",0.522566370372525,NA
"353","41","X3",-0.189636840277908,NA
"354","1","X3",-1.38615882507663,NA
"355","12","X3",-0.821816099972101,NA
"356","28","X3",-0.0353125858326809,NA
"357","29","X3",0.150598111988704,NA
"358","30","X3",-1.09721670042413,NA
"359","31","X3",-1.57255529666871,NA
"360","32","X3",-1.90116465041331,NA
"361","39","X3",-1.83496599018312,NA
"362","2","X3",-1.18259880699519,NA
"363","6","X3",-0.833168190739019,NA
"364","8","X3",-1.25451761563676,NA
"365","13","X3",-1.72165848217734,NA
"366","4","X3",0.438157347587779,NA
"367","5","X3",0.153977987141809,NA
"368","17","X3",-0.0482533983663995,NA
"369","7","X3",-1.12305721289497,NA
"370","9","X3",0.258670877156133,NA
"371","10","X3",-2.84348271609384,NA
"372","16","X3",-0.0828948672089371,NA
"373","19","X3",-1.12256565912436,NA
"374","20","X3",-0.560713747473532,NA
"375","21","X3",0.0603395190270769,NA
"376","24","X3",-0.542610791588219,NA
"377","25","X3",-6.59617832318926,"*"
"378","33","X3",-0.420483670892817,NA
"379","11","X14",-2.12431403167291,NA
"380","22","X14",-1.13421199326819,NA
"381","26","X14",-1.52793767302649,NA
"382","35","X14",-0.524730087308763,NA
"383","36","X14",-0.172236447292074,NA
"384","37","X14",-2.2162235219492,NA
"385","40","X14",-0.169134360732429,NA
"386","42","X14",1.65930722149276,NA
"387","3","X14",-0.626580662934426,NA
"388","14","X14",NA,NA
"389","15","X14",-0.208294898078914,NA
"390","18","X14",0.262999401331986,NA
"391","23","X14",-0.386940335767359,NA
"392","27","X14",1.10682430756889,NA
"393","34","X14",0.316362229698306,NA
"394","38","X14",-0.609208543515984,NA
"395","41","X14",0.674670193445774,NA
"396","1","X14",-5.71386877515067,"*"
"397","12","X14",0.11094554146502,NA
"398","28","X14",-0.332418320451349,NA
"399","29","X14",-2.69111303650165,NA
"400","30","X14",2.21133328779991,NA
"401","31","X14",-0.2198692122137,NA
"402","32","X14",-1.19411903326031,NA
"403","39","X14",-5.46291858403533,"*"
"404","2","X14",-6.3229718640548,"*"
"405","6","X14",-5.77310923756093,"*"
"406","8","X14",-6.27709768953145,"*"
"407","13","X14",-5.35540282140007,"*"
"408","4","X14",-0.580911954785883,NA
"409","5","X14",1.16369842379562,NA
"410","17","X14",-4.83812793725265,NA
"411","7","X14",-4.19904650711077,NA
"412","9","X14",-0.488299590196504,NA
"413","10","X14",-5.08194155334582,"*"
"414","16","X14",-2.85640140637088,NA
"415","19","X14",-1.2278456408873,NA
"416","20","X14",-4.34914807089222,NA
"417","21","X14",-5.11361729943329,"*"
"418","24","X14",-3.11473247638311,NA
"419","25","X14",-4.62741936138999,NA
"420","33","X14",-5.3870078137963,"*"
"421","11","X15",-3.78793412571279,NA
"422","22","X15",-1.79848976205182,NA
"423","26","X15",-0.750461952546814,NA
"424","35","X15",-0.756034365052553,NA
"425","36","X15",1.97663845179752,NA
"426","37","X15",-1.68456510642296,NA
"427","40","X15",1.8391752409017,NA
"428","42","X15",1.24867943146924,NA
"429","3","X15",5.73199411073874,"*"
"430","14","X15",-0.208294898078914,NA
"431","15","X15",NA,NA
"432","18","X15",-0.498986530299703,NA
"433","23","X15",-0.198860506030573,NA
"434","27","X15",3.22315402856255,NA
"435","34","X15",0.640657701958893,NA
"436","38","X15",1.14966896335413,NA
"437","41","X15",1.05562289304129,NA
"438","1","X15",-2.51869333664297,NA
"439","12","X15",0.114467620724705,NA
"440","28","X15",-3.30163227963795,NA
"441","29","X15",-0.740414317984839,NA
"442","30","X15",-2.05290870665498,NA
"443","31","X15",-1.19891087369524,NA
"444","32","X15",0.0426974276149804,NA
"445","39","X15",-2.62537150223812,NA
"446","2","X15",-0.48617094341859,NA
"447","6","X15",-0.366394720766064,NA
"448","8","X15",-0.826815024383053,NA
"449","13","X15",-0.320666033058003,NA
"450","4","X15",0.579393054315529,NA
"451","5","X15",0.00585979575954597,NA
"452","17","X15",0.0324985808621337,NA
"453","7","X15",-0.0937263818268518,NA
"454","9","X15",-0.472209351783521,NA
"455","10","X15",-2.29595598328151,NA
"456","16","X15",-0.63000489564241,NA
"457","19","X15",-1.30795378461007,NA
"458","20","X15",-0.474592924422288,NA
"459","21","X15",0.265260364854713,NA
"460","24","X15",-0.606617199312224,NA
"461","25","X15",-6.40861190749948,"*"
"462","33","X15",-0.143926730278067,NA
"463","11","X18",1.79117586057092,NA
"464","22","X18",-0.153152587596374,NA
"465","26","X18",0.315000617920127,NA
"466","35","X18",-0.799207109301825,NA
"467","36","X18",-2.08552283782853,NA
"468","37","X18",1.20654219028268,NA
"469","40","X18",-1.9569995862224,NA
"470","42","X18",-3.67634871172999,NA
"471","3","X18",-0.0626854145077742,NA
"472","14","X18",0.262999401331986,NA
"473","15","X18",-0.498986530299703,NA
"474","18","X18",NA,NA
"475","23","X18",-0.0231692582422234,NA
"476","27","X18",-0.320926378554114,NA
"477","34","X18",-0.50746185993477,NA
"478","38","X18",-0.305234286316772,NA
"479","41","X18",-2.69936691328168,NA
"480","1","X18",0.238757130831906,NA
"481","12","X18",-0.164409566940693,NA
"482","28","X18",-1.21330912202828,NA
"483","29","X18",-1.53365092479688,NA
"484","30","X18",-0.481454620011702,NA
"485","31","X18",1.63057375941749,NA
"486","32","X18",-0.557155910688663,NA
"487","39","X18",2.09030167101369,NA
"488","2","X18",0.629135961810086,NA
"489","6","X18",0.00513057418668897,NA
"490","8","X18",0.0119306338344104,NA
"491","13","X18",-0.31380875875329,NA
"492","4","X18",2.44941038603916,NA
"493","5","X18",1.57980941050733,NA
"494","17","X18",-0.466728848541505,NA
"495","7","X18",-0.925595530679061,NA
"496","9","X18",2.94490630939612,NA
"497","10","X18",-1.54473118285565,NA
"498","16","X18",-0.593428300278629,NA
"499","19","X18",1.01073836606609,NA
"500","20","X18",-0.616006161691411,NA
"501","21","X18",-1.54158740501471,NA
"502","24","X18",2.62334973879022,NA
"503","25","X18",-0.405114956848383,NA
"504","33","X18",1.22107037722601,NA
"505","11","X23",-4.15227274525637,NA
"506","22","X23",0.0753706188584047,NA
"507","26","X23",-0.880529671302149,NA
"508","35","X23",-0.696902732549154,NA
"509","36","X23",-4.39351791094049,NA
"510","37","X23",-2.86188641621398,NA
"511","40","X23",-2.12877944025167,NA
"512","42","X23",0.188475684151116,NA
"513","3","X23",-3.34279164346182,NA
"514","14","X23",-0.386940335767359,NA
"515","15","X23",-0.198860506030573,NA
"516","18","X23",-0.0231692582422234,NA
"517","23","X23",NA,NA
"518","27","X23",-2.90974453451461,NA
"519","34","X23",-1.26737748613975,NA
"520","38","X23",-2.16367538155427,NA
"521","41","X23",-1.90872054160481,NA
"522","1","X23",-2.00235549135227,NA
"523","12","X23",-0.0841290745151092,NA
"524","28","X23",0.448680059637283,NA
"525","29","X23",0.331012945311979,NA
"526","30","X23",2.7270322739221,NA
"527","31","X23",-2.807208277621,NA
"528","32","X23",-1.00760684089726,NA
"529","39","X23",-1.42111103824015,NA
"530","2","X23",-2.93856813909569,NA
"531","6","X23",-1.43881388226185,NA
"532","8","X23",-1.72045785142405,NA
"533","13","X23",-4.78879525174445,NA
"534","4","X23",-1.46143080827651,NA
"535","5","X23",-0.085120299830586,NA
"536","17","X23",-3.56361722623056,NA
"537","7","X23",-1.19452079401225,NA
"538","9","X23",1.63039600326779,NA
"539","10","X23",0.522522185358804,NA
"540","16","X23",-0.231140781075563,NA
"541","19","X23",1.12330295472928,NA
"542","20","X23",0.326253491245852,NA
"543","21","X23",-2.98881342284317,NA
"544","24","X23",-0.519371502438729,NA
"545","25","X23",-4.08435976347534,NA
"546","33","X23",-1.95532250435255,NA
"547","11","X27",-1.22205422184558,NA
"548","22","X27",-0.564736365693416,NA
"549","26","X27",-0.974718374438082,NA
"550","35","X27",-0.937209340432183,NA
"551","36","X27",-0.744733526964286,NA
"552","37","X27",-2.39541181636271,NA
"553","40","X27",0.965486302726443,NA
"554","42","X27",0.00828450585679506,NA
"555","3","X27",2.10591511041937,NA
"556","14","X27",1.10682430756889,NA
"557","15","X27",3.22315402856255,NA
"558","18","X27",-0.320926378554114,NA
"559","23","X27",-2.90974453451461,NA
"560","27","X27",NA,NA
"561","34","X27",0.1306137577936,NA
"562","38","X27",-0.408173058988893,NA
"563","41","X27",0.337469641187439,NA
"564","1","X27",0.27163289754973,NA
"565","12","X27",-0.133168785164261,NA
"566","28","X27",-1.43364396489206,NA
"567","29","X27",-0.0681069265588047,NA
"568","30","X27",0.524353686871982,NA
"569","31","X27",-0.685460444812946,NA
"570","32","X27",-0.605967978467756,NA
"571","39","X27",-1.70307595969698,NA
"572","2","X27",-0.604994572771348,NA
"573","6","X27",-0.874108480146994,NA
"574","8","X27",-2.41209564685855,NA
"575","13","X27",-2.00739406712133,NA
"576","4","X27",0.0599793028894101,NA
"577","5","X27",-0.135178233066353,NA
"578","17","X27",-1.92152954272789,NA
"579","7","X27",0.361236315542828,NA
"580","9","X27",0.320364336902366,NA
"581","10","X27",-1.84458581638807,NA
"582","16","X27",-2.16124822731385,NA
"583","19","X27",-0.787877127727311,NA
"584","20","X27",-0.00193103124513329,NA
"585","21","X27",-4.18878392872261,NA
"586","24","X27",-0.473615666573861,NA
"587","25","X27",-3.22363199233727,NA
"588","33","X27",-0.893237778377242,NA
"589","11","X34",-3.67810447008496,NA
"590","22","X34",-0.655920035926223,NA
"591","26","X34",-0.746122670018796,NA
"592","35","X34",0.659245942801434,NA
"593","36","X34",0.952468874546859,NA
"594","37","X34",-1.41441318243804,NA
"595","40","X34",1.702923522772,NA
"596","42","X34",2.74883407493293,NA
"597","3","X34",-1.07309686309027,NA
"598","14","X34",0.316362229698306,NA
"599","15","X34",0.640657701958893,NA
"600","18","X34",-0.50746185993477,NA
"601","23","X34",-1.26737748613975,NA
"602","27","X34",0.1306137577936,NA
"603","34","X34",NA,NA
"604","38","X34",0.0997886890168591,NA
"605","41","X34",3.57564292127229,NA
"606","1","X34",-3.3309348203516,NA
"607","12","X34",0.0696719348709967,NA
"608","28","X34",-0.214329857149112,NA
"609","29","X34",0.211221358842408,NA
"610","30","X34",0.755603983182805,NA
"611","31","X34",-0.121260850934262,NA
"612","32","X34",-0.712060661012129,NA
"613","39","X34",-2.9050924941674,NA
"614","2","X34",-2.85413756175897,NA
"615","6","X34",-2.14711680762184,NA
"616","8","X34",-2.87376789091239,NA
"617","13","X34",-1.06358197075492,NA
"618","4","X34",-1.64090293345859,NA
"619","5","X34",1.49766690880474,NA
"620","17","X34",-2.57653108102492,NA
"621","7","X34",-2.50648342647755,NA
"622","9","X34",-0.882405470153574,NA
"623","10","X34",-2.45617846459746,NA
"624","16","X34",-1.24826026653857,NA
"625","19","X34",-1.22541123280088,NA
"626","20","X34",-0.412741466999568,NA
"627","21","X34",-1.83939967029555,NA
"628","24","X34",-1.60064924305315,NA
"629","25","X34",-5.44734684528021,"*"
"630","33","X34",-2.48870913072839,NA
"631","11","X38",-0.823193465526922,NA
"632","22","X38",-1.34515565539978,NA
"633","26","X38",-0.357065190395281,NA
"634","35","X38",-0.659139794875621,NA
"635","36","X38",-0.107792273654061,NA
"636","37","X38",-3.17603376013985,NA
"637","40","X38",1.13533783826382,NA
"638","42","X38",0.553965041750957,NA
"639","3","X38",0.522566370372525,NA
"640","14","X38",-0.609208543515984,NA
"641","15","X38",1.14966896335413,NA
"642","18","X38",-0.305234286316772,NA
"643","23","X38",-2.16367538155427,NA
"644","27","X38",-0.408173058988893,NA
"645","34","X38",0.0997886890168591,NA
"646","38","X38",NA,NA
"647","41","X38",2.3147620392188,NA
"648","1","X38",-2.88838238362166,NA
"649","12","X38",-0.304185067575923,NA
"650","28","X38",-4.66796739841716,NA
"651","29","X38",-2.54865142167513,NA
"652","30","X38",-1.16996723460439,NA
"653","31","X38",-1.52662314363715,NA
"654","32","X38",-1.71776565130269,NA
"655","39","X38",-3.39508114083873,NA
"656","2","X38",-2.17573328252071,NA
"657","6","X38",-2.40270345441661,NA
"658","8","X38",-2.88197100018675,NA
"659","13","X38",-2.77881265056711,NA
"660","4","X38",-2.15541572074716,NA
"661","5","X38",-0.4290225016865,NA
"662","17","X38",-0.699164659666682,NA
"663","7","X38",-2.20191464774672,NA
"664","9","X38",-0.863098973239115,NA
"665","10","X38",-3.66723040752052,NA
"666","16","X38",-1.09054334321774,NA
"667","19","X38",-3.65164040323637,NA
"668","20","X38",-1.58798886478569,NA
"669","21","X38",-4.91080441647728,"*"
"670","24","X38",-2.50615922319794,NA
"671","25","X38",-3.81727921855614,NA
"672","33","X38",-3.45443236296791,NA
"673","11","X41",-2.90836879317558,NA
"674","22","X41",-0.932510272275141,NA
"675","26","X41",-0.756202139741988,NA
"676","35","X41",-0.133871495658475,NA
"677","36","X41",3.53331368656981,NA
"678","37","X41",-2.92292903569556,NA
"679","40","X41",5.86831662692816,"*"
"680","42","X41",4.67183193658412,NA
"681","3","X41",-0.189636840277908,NA
"682","14","X41",0.674670193445774,NA
"683","15","X41",1.05562289304129,NA
"684","18","X41",-2.69936691328168,NA
"685","23","X41",-1.90872054160481,NA
"686","27","X41",0.337469641187439,NA
"687","34","X41",3.57564292127229,NA
"688","38","X41",2.3147620392188,NA
"689","41","X41",NA,NA
"690","1","X41",-2.21795168405115,NA
"691","12","X41",-0.356246467037844,NA
"692","28","X41",-1.29329691913399,NA
"693","29","X41",0.619965447190213,NA
"694","30","X41",0.863430670000296,NA
"695","31","X41",-1.28048846161206,NA
"696","32","X41",0.110312201202471,NA
"697","39","X41",-2.99776691589224,NA
"698","2","X41",-2.55751736068363,NA
"699","6","X41",-0.421928536315378,NA
"700","8","X41",-0.964944259212315,NA
"701","13","X41",-0.100338231082279,NA
"702","4","X41",-3.67160420702877,NA
"703","5","X41",-1.29058533829031,NA
"704","17","X41",-1.37840970248265,NA
"705","7","X41",-5.72364934690359,"*"
"706","9","X41",-2.76901166845159,NA
"707","10","X41",-6.12048972608761,"*"
"708","16","X41",-4.52664396298642,NA
"709","19","X41",-2.9878188106529,NA
"710","20","X41",-2.03343509009531,NA
"711","21","X41",-5.64582613756994,"*"
"712","24","X41",-5.15254580682898,"*"
"713","25","X41",-10.8511205034673,"*"
"714","33","X41",-7.9642397961986,"*"
"715","11","X1",-1.0543159986505,NA
"716","22","X1",-0.752120471437793,NA
"717","26","X1",-1.02315677210108,NA
"718","35","X1",-3.1675928721567,NA
"719","36","X1",-4.50270968090133,NA
"720","37","X1",-6.64105761641182,"*"
"721","40","X1",-0.986317960072647,NA
"722","42","X1",-0.90471245103812,NA
"723","3","X1",-1.38615882507663,NA
"724","14","X1",-5.71386877515067,"*"
"725","15","X1",-2.51869333664297,NA
"726","18","X1",0.238757130831906,NA
"727","23","X1",-2.00235549135227,NA
"728","27","X1",0.27163289754973,NA
"729","34","X1",-3.3309348203516,NA
"730","38","X1",-2.88838238362166,NA
"731","41","X1",-2.21795168405115,NA
"732","1","X1",NA,NA
"733","12","X1",-0.789495343854049,NA
"734","28","X1",-4.2732472483964,NA
"735","29","X1",-4.49772658984391,NA
"736","30","X1",-0.514667197708601,NA
"737","31","X1",-4.30001846463247,NA
"738","32","X1",-6.37481614163858,"*"
"739","39","X1",-3.76022697791636,NA
"740","2","X1",-4.28097108506688,NA
"741","6","X1",-2.4950124843505,NA
"742","8","X1",-10.6981815880864,"*"
"743","13","X1",-5.16119491893905,"*"
"744","4","X1",-2.34882741321724,NA
"745","5","X1",-0.304297987910015,NA
"746","17","X1",-3.87459597053221,NA
"747","7","X1",-2.34103750978929,NA
"748","9","X1",-1.2325836004875,NA
"749","10","X1",-5.74078460129982,"*"
"750","16","X1",-8.16735799425154,"*"
"751","19","X1",-6.74134679664802,"*"
"752","20","X1",-1.58345278796138,NA
"753","21","X1",-7.33273522283036,"*"
"754","24","X1",-3.23642821746272,NA
"755","25","X1",-2.65267126050288,NA
"756","33","X1",-2.8766521105278,NA
"757","11","X12",-1.10148592991154,NA
"758","22","X12",-3.30108434574251,NA
"759","26","X12",-0.178304570130753,NA
"760","35","X12",-3.62490594889497,NA
"761","36","X12",-0.334182300399715,NA
"762","37","X12",-0.441464123049742,NA
"763","40","X12",-0.870703633419603,NA
"764","42","X12",-0.501002541319332,NA
"765","3","X12",-0.821816099972101,NA
"766","14","X12",0.11094554146502,NA
"767","15","X12",0.114467620724705,NA
"768","18","X12",-0.164409566940693,NA
"769","23","X12",-0.0841290745151092,NA
"770","27","X12",-0.133168785164261,NA
"771","34","X12",0.0696719348709967,NA
"772","38","X12",-0.304185067575923,NA
"773","41","X12",-0.356246467037844,NA
"774","1","X12",-0.789495343854049,NA
"775","12","X12",NA,NA
"776","28","X12",-7.50681305844865,"*"
"777","29","X12",-1.66918531490532,NA
"778","30","X12",-0.3586440262169,NA
"779","31","X12",-2.23979272053705,NA
"780","32","X12",-2.00437735023925,NA
"781","39","X12",-0.417265901197776,NA
"782","2","X12",-3.708144609864,NA
"783","6","X12",-0.747002038689903,NA
"784","8","X12",-1.54213334153885,NA
"785","13","X12",-2.08711901988795,NA
"786","4","X12",1.82446112947985,NA
"787","5","X12",-0.36690339950297,NA
"788","17","X12",-1.81270494722108,NA
"789","7","X12",-1.56898476615607,NA
"790","9","X12",0.701896630848694,NA
"791","10","X12",-2.11797412285568,NA
"792","16","X12",-0.194555298351541,NA
"793","19","X12",-0.297689487603635,NA
"794","20","X12",-0.485287237372295,NA
"795","21","X12",-0.278374660362974,NA
"796","24","X12",-0.444279576884878,NA
"797","25","X12",-0.974824306067293,NA
"798","33","X12",-0.745977725759587,NA
"799","11","X28",-2.45955299049945,NA
"800","22","X28",-0.8928032345469,NA
"801","26","X28",-0.6316201896117,NA
"802","35","X28",-1.47628399346489,NA
"803","36","X28",-2.71195466960696,NA
"804","37","X28",-0.556452048332362,NA
"805","40","X28",-0.460702541863256,NA
"806","42","X28",-3.26151452891038,NA
"807","3","X28",-0.0353125858326809,NA
"808","14","X28",-0.332418320451349,NA
"809","15","X28",-3.30163227963795,NA
"810","18","X28",-1.21330912202828,NA
"811","23","X28",0.448680059637283,NA
"812","27","X28",-1.43364396489206,NA
"813","34","X28",-0.214329857149112,NA
"814","38","X28",-4.66796739841716,NA
"815","41","X28",-1.29329691913399,NA
"816","1","X28",-4.2732472483964,NA
"817","12","X28",-7.50681305844865,"*"
"818","28","X28",NA,NA
"819","29","X28",-3.86347515677659,NA
"820","30","X28",-6.20825826130495,"*"
"821","31","X28",-2.96071447524865,NA
"822","32","X28",-2.05006282770378,NA
"823","39","X28",-3.05558476147091,NA
"824","2","X28",-6.34926464978468,"*"
"825","6","X28",-4.43741305612247,NA
"826","8","X28",-4.53203178342523,NA
"827","13","X28",-6.72495955019277,"*"
"828","4","X28",-0.740852850945253,NA
"829","5","X28",0.197693285342627,NA
"830","17","X28",-2.19040692503167,NA
"831","7","X28",-4.81102871726645,NA
"832","9","X28",-0.256234146412106,NA
"833","10","X28",-0.797409120798054,NA
"834","16","X28",-2.58102086283526,NA
"835","19","X28",-1.18856113900865,NA
"836","20","X28",-0.642380505715918,NA
"837","21","X28",-0.800413229687988,NA
"838","24","X28",-2.63673985935704,NA
"839","25","X28",-2.85118849969768,NA
"840","33","X28",-3.54253781507979,NA
"841","11","X29",-4.58034269273898,NA
"842","22","X29",-2.29629984493028,NA
"843","26","X29",-1.54427659149614,NA
"844","35","X29",-3.78912343957686,NA
"845","36","X29",0.131035606769197,NA
"846","37","X29",-0.889214282744077,NA
"847","40","X29",0.28334542315792,NA
"848","42","X29",-0.0298907975047339,NA
"849","3","X29",0.150598111988704,NA
"850","14","X29",-2.69111303650165,NA
"851","15","X29",-0.740414317984839,NA
"852","18","X29",-1.53365092479688,NA
"853","23","X29",0.331012945311979,NA
"854","27","X29",-0.0681069265588047,NA
"855","34","X29",0.211221358842408,NA
"856","38","X29",-2.54865142167513,NA
"857","41","X29",0.619965447190213,NA
"858","1","X29",-4.49772658984391,NA
"859","12","X29",-1.66918531490532,NA
"860","28","X29",-3.86347515677659,NA
"861","29","X29",NA,NA
"862","30","X29",-4.57612191255315,NA
"863","31","X29",-4.14425326411308,NA
"864","32","X29",0.252670501405517,NA
"865","39","X29",-2.1614413918729,NA
"866","2","X29",-9.69584405584779,"*"
"867","6","X29",-1.90880185650521,NA
"868","8","X29",-5.67387583578157,"*"
"869","13","X29",-5.06202018928834,"*"
"870","4","X29",0.494372629157105,NA
"871","5","X29",0.712784757174036,NA
"872","17","X29",-1.14003899788099,NA
"873","7","X29",-10.2407914887396,"*"
"874","9","X29",-5.74252168142588,"*"
"875","10","X29",-4.01083015733658,NA
"876","16","X29",-4.18774424948501,NA
"877","19","X29",-4.26084901051922,NA
"878","20","X29",-3.77506718460711,NA
"879","21","X29",-2.51133834623446,NA
"880","24","X29",-7.2542659815764,"*"
"881","25","X29",-3.54013249085601,NA
"882","33","X29",-8.91558609432855,"*"
"883","11","X30",-1.65353459373632,NA
"884","22","X30",-1.46375096564855,NA
"885","26","X30",0.12464141049865,NA
"886","35","X30",-2.04240524148224,NA
"887","36","X30",-0.176999039164155,NA
"888","37","X30",0.750606441328775,NA
"889","40","X30",0.23407970656974,NA
"890","42","X30",0.203977586401055,NA
"891","3","X30",-1.09721670042413,NA
"892","14","X30",2.21133328779991,NA
"893","15","X30",-2.05290870665498,NA
"894","18","X30",-0.481454620011702,NA
"895","23","X30",2.7270322739221,NA
"896","27","X30",0.524353686871982,NA
"897","34","X30",0.755603983182805,NA
"898","38","X30",-1.16996723460439,NA
"899","41","X30",0.863430670000296,NA
"900","1","X30",-0.514667197708601,NA
"901","12","X30",-0.3586440262169,NA
"902","28","X30",-6.20825826130495,"*"
"903","29","X30",-4.57612191255315,NA
"904","30","X30",NA,NA
"905","31","X30",-0.0931802531203837,NA
"906","32","X30",-2.11715569395967,NA
"907","39","X30",0.718070646296285,NA
"908","2","X30",-3.10766196251069,NA
"909","6","X30",-0.707036293101666,NA
"910","8","X30",-1.19064663067491,NA
"911","13","X30",-0.61672322494695,NA
"912","4","X30",1.57995449305297,NA
"913","5","X30",0.815316618665247,NA
"914","17","X30",-1.16310116293537,NA
"915","7","X30",-0.667019435599935,NA
"916","9","X30",1.01785954550391,NA
"917","10","X30",-0.0960642501804508,NA
"918","16","X30",-0.523817045408181,NA
"919","19","X30",2.57305552622622,NA
"920","20","X30",0.160198891560903,NA
"921","21","X30",0.283433633166032,NA
"922","24","X30",-0.29803492881387,NA
"923","25","X30",-0.91891877403598,NA
"924","33","X30",-1.9013628214601,NA
"925","11","X31",-3.33013169297286,NA
"926","22","X31",-2.25488807738833,NA
"927","26","X31",-2.57331573613489,NA
"928","35","X31",-4.75484590343696,NA
"929","36","X31",-2.3587554220957,NA
"930","37","X31",-4.2240736656306,NA
"931","40","X31",-3.67439034879246,NA
"932","42","X31",0.140885191456598,NA
"933","3","X31",-1.57255529666871,NA
"934","14","X31",-0.2198692122137,NA
"935","15","X31",-1.19891087369524,NA
"936","18","X31",1.63057375941749,NA
"937","23","X31",-2.807208277621,NA
"938","27","X31",-0.685460444812946,NA
"939","34","X31",-0.121260850934262,NA
"940","38","X31",-1.52662314363715,NA
"941","41","X31",-1.28048846161206,NA
"942","1","X31",-4.30001846463247,NA
"943","12","X31",-2.23979272053705,NA
"944","28","X31",-2.96071447524865,NA
"945","29","X31",-4.14425326411308,NA
"946","30","X31",-0.0931802531203837,NA
"947","31","X31",NA,NA
"948","32","X31",-1.89105306823609,NA
"949","39","X31",-6.60392027602134,"*"
"950","2","X31",-0.752610270391621,NA
"951","6","X31",-4.86541052147062,NA
"952","8","X31",-5.42743097508994,"*"
"953","13","X31",-9.08887518076926,"*"
"954","4","X31",0.00577786204295997,NA
"955","5","X31",-0.696922732245211,NA
"956","17","X31",-5.82555925844337,"*"
"957","7","X31",-2.49129638519975,NA
"958","9","X31",0.680822922321871,NA
"959","10","X31",-1.26387125159148,NA
"960","16","X31",-3.41896526792243,NA
"961","19","X31",-0.452783196220831,NA
"962","20","X31",-1.17985109221685,NA
"963","21","X31",-7.77445385733398,"*"
"964","24","X31",-1.83536958841413,NA
"965","25","X31",-2.35060702732866,NA
"966","33","X31",-2.66417100075876,NA
"967","11","X32",-3.35484835620932,NA
"968","22","X32",-5.75217742194505,"*"
"969","26","X32",-1.76431575526401,NA
"970","35","X32",-3.50780051432898,NA
"971","36","X32",-1.20885523445248,NA
"972","37","X32",-1.41081864679727,NA
"973","40","X32",0.742862638539583,NA
"974","42","X32",-0.497446557577459,NA
"975","3","X32",-1.90116465041331,NA
"976","14","X32",-1.19411903326031,NA
"977","15","X32",0.0426974276149804,NA
"978","18","X32",-0.557155910688663,NA
"979","23","X32",-1.00760684089726,NA
"980","27","X32",-0.605967978467756,NA
"981","34","X32",-0.712060661012129,NA
"982","38","X32",-1.71776565130269,NA
"983","41","X32",0.110312201202471,NA
"984","1","X32",-6.37481614163858,"*"
"985","12","X32",-2.00437735023925,NA
"986","28","X32",-2.05006282770378,NA
"987","29","X32",0.252670501405517,NA
"988","30","X32",-2.11715569395967,NA
"989","31","X32",-1.89105306823609,NA
"990","32","X32",NA,NA
"991","39","X32",-5.26621300397547,"*"
"992","2","X32",-2.5508472971699,NA
"993","6","X32",-1.19574909237526,NA
"994","8","X32",-4.81078804744077,NA
"995","13","X32",-3.93930664542493,NA
"996","4","X32",0.202496531665432,NA
"997","5","X32",-0.232605902538664,NA
"998","17","X32",-0.355876387844153,NA
"999","7","X32",-3.77807818586608,NA
"1000","9","X32",-3.2276429602887,NA
"1001","10","X32",-4.65699815323041,NA
"1002","16","X32",-5.57905659743674,"*"
"1003","19","X32",-3.81810880111352,NA
"1004","20","X32",-5.20355528358462,"*"
"1005","21","X32",-0.436590920371719,NA
"1006","24","X32",-4.21396229723543,NA
"1007","25","X32",-3.97685837842353,NA
"1008","33","X32",-6.95730382599407,"*"
"1009","11","X39",-1.57814501531659,NA
"1010","22","X39",-4.40124439913004,NA
"1011","26","X39",-3.26189735300755,NA
"1012","35","X39",-3.27755159561731,NA
"1013","36","X39",-4.95751065969115,"*"
"1014","37","X39",-13.1600671886741,"*"
"1015","40","X39",-4.30093957349611,NA
"1016","42","X39",-3.54726212503603,NA
"1017","3","X39",-1.83496599018312,NA
"1018","14","X39",-5.46291858403533,"*"
"1019","15","X39",-2.62537150223812,NA
"1020","18","X39",2.09030167101369,NA
"1021","23","X39",-1.42111103824015,NA
"1022","27","X39",-1.70307595969698,NA
"1023","34","X39",-2.9050924941674,NA
"1024","38","X39",-3.39508114083873,NA
"1025","41","X39",-2.99776691589224,NA
"1026","1","X39",-3.76022697791636,NA
"1027","12","X39",-0.417265901197776,NA
"1028","28","X39",-3.05558476147091,NA
"1029","29","X39",-2.1614413918729,NA
"1030","30","X39",0.718070646296285,NA
"1031","31","X39",-6.60392027602134,"*"
"1032","32","X39",-5.26621300397547,"*"
"1033","39","X39",NA,NA
"1034","2","X39",-5.67312267536669,"*"
"1035","6","X39",-4.54613530770562,NA
"1036","8","X39",-8.12795446135829,"*"
"1037","13","X39",-10.6591468121347,"*"
"1038","4","X39",0.425790159906088,NA
"1039","5","X39",-1.84073211273381,NA
"1040","17","X39",-5.40080838262936,"*"
"1041","7","X39",-4.57167111841739,NA
"1042","9","X39",-0.0760006274863812,NA
"1043","10","X39",-3.55678656016875,NA
"1044","16","X39",-9.32097612957558,"*"
"1045","19","X39",-2.84612498493565,NA
"1046","20","X39",-3.85836467982798,NA
"1047","21","X39",-6.83062650289889,"*"
"1048","24","X39",-1.71266659714906,NA
"1049","25","X39",-1.31510486800746,NA
"1050","33","X39",-4.58218800371883,NA
"1051","11","X2",-1.23446966386204,NA
"1052","22","X2",-3.86384976895041,NA
"1053","26","X2",-1.87982997205283,NA
"1054","35","X2",-1.93234127701553,NA
"1055","36","X2",-3.78402201125251,NA
"1056","37","X2",-3.90857129649983,NA
"1057","40","X2",-2.26547688818479,NA
"1058","42","X2",-0.170974056466677,NA
"1059","3","X2",-1.18259880699519,NA
"1060","14","X2",-6.3229718640548,"*"
"1061","15","X2",-0.48617094341859,NA
"1062","18","X2",0.629135961810086,NA
"1063","23","X2",-2.93856813909569,NA
"1064","27","X2",-0.604994572771348,NA
"1065","34","X2",-2.85413756175897,NA
"1066","38","X2",-2.17573328252071,NA
"1067","41","X2",-2.55751736068363,NA
"1068","1","X2",-4.28097108506688,NA
"1069","12","X2",-3.708144609864,NA
"1070","28","X2",-6.34926464978468,"*"
"1071","29","X2",-9.69584405584779,"*"
"1072","30","X2",-3.10766196251069,NA
"1073","31","X2",-0.752610270391621,NA
"1074","32","X2",-2.5508472971699,NA
"1075","39","X2",-5.67312267536669,"*"
"1076","2","X2",NA,NA
"1077","6","X2",-15.3277352966377,"*"
"1078","8","X2",-10.529426193029,"*"
"1079","13","X2",-11.5157790211118,"*"
"1080","4","X2",-0.0294481768246327,NA
"1081","5","X2",-0.0642049904788301,NA
"1082","17","X2",-3.07485534051429,NA
"1083","7","X2",-6.57141107782706,"*"
"1084","9","X2",-0.7773290922666,NA
"1085","10","X2",-6.76138656609297,"*"
"1086","16","X2",-4.03262811450703,NA
"1087","19","X2",-7.16399816453156,"*"
"1088","20","X2",-8.06076899872788,"*"
"1089","21","X2",-6.11078984040345,"*"
"1090","24","X2",-2.61038121852197,NA
"1091","25","X2",-3.7701386742046,NA
"1092","33","X2",-3.77619603557001,NA
"1093","11","X6",-1.87619923690678,NA
"1094","22","X6",-1.72220000046307,NA
"1095","26","X6",0.0705610851577688,NA
"1096","35","X6",0.0413557851831213,NA
"1097","36","X6",-2.01295815393694,NA
"1098","37","X6",-3.28429633639529,NA
"1099","40","X6",-1.98392749963209,NA
"1100","42","X6",0.776713148921328,NA
"1101","3","X6",-0.833168190739019,NA
"1102","14","X6",-5.77310923756093,"*"
"1103","15","X6",-0.366394720766064,NA
"1104","18","X6",0.00513057418668897,NA
"1105","23","X6",-1.43881388226185,NA
"1106","27","X6",-0.874108480146994,NA
"1107","34","X6",-2.14711680762184,NA
"1108","38","X6",-2.40270345441661,NA
"1109","41","X6",-0.421928536315378,NA
"1110","1","X6",-2.4950124843505,NA
"1111","12","X6",-0.747002038689903,NA
"1112","28","X6",-4.43741305612247,NA
"1113","29","X6",-1.90880185650521,NA
"1114","30","X6",-0.707036293101666,NA
"1115","31","X6",-4.86541052147062,NA
"1116","32","X6",-1.19574909237526,NA
"1117","39","X6",-4.54613530770562,NA
"1118","2","X6",-15.3277352966377,"*"
"1119","6","X6",NA,NA
"1120","8","X6",-5.16348261089583,"*"
"1121","13","X6",-7.63508862668045,"*"
"1122","4","X6",-0.251891404443699,NA
"1123","5","X6",-0.48476067287362,NA
"1124","17","X6",-2.40883116060957,NA
"1125","7","X6",-5.39532665465334,"*"
"1126","9","X6",-2.18707132397242,NA
"1127","10","X6",-6.20741574170152,"*"
"1128","16","X6",-5.62359389421944,"*"
"1129","19","X6",-6.02724712964345,"*"
"1130","20","X6",-6.00439843122521,"*"
"1131","21","X6",-5.01256270554889,"*"
"1132","24","X6",-3.97438559799253,NA
"1133","25","X6",-3.98493799098578,NA
"1134","33","X6",-4.58357610410005,NA
"1135","11","X8",-2.73436237055514,NA
"1136","22","X8",-3.08115652385257,NA
"1137","26","X8",-1.96720970085824,NA
"1138","35","X8",-0.361954280663892,NA
"1139","36","X8",-2.53647787990441,NA
"1140","37","X8",-5.03128267795028,"*"
"1141","40","X8",-1.58842612406791,NA
"1142","42","X8",0.336620628944815,NA
"1143","3","X8",-1.25451761563676,NA
"1144","14","X8",-6.27709768953145,"*"
"1145","15","X8",-0.826815024383053,NA
"1146","18","X8",0.0119306338344104,NA
"1147","23","X8",-1.72045785142405,NA
"1148","27","X8",-2.41209564685855,NA
"1149","34","X8",-2.87376789091239,NA
"1150","38","X8",-2.88197100018675,NA
"1151","41","X8",-0.964944259212315,NA
"1152","1","X8",-10.6981815880864,"*"
"1153","12","X8",-1.54213334153885,NA
"1154","28","X8",-4.53203178342523,NA
"1155","29","X8",-5.67387583578157,"*"
"1156","30","X8",-1.19064663067491,NA
"1157","31","X8",-5.42743097508994,"*"
"1158","32","X8",-4.81078804744077,NA
"1159","39","X8",-8.12795446135829,"*"
"1160","2","X8",-10.529426193029,"*"
"1161","6","X8",-5.16348261089583,"*"
"1162","8","X8",NA,NA
"1163","13","X8",-10.3502254396426,"*"
"1164","4","X8",-0.358452275359334,NA
"1165","5","X8",-1.58214794166597,NA
"1166","17","X8",-3.36586416750633,NA
"1167","7","X8",-5.13061364829873,"*"
"1168","9","X8",-1.70691653812934,NA
"1169","10","X8",-4.3091421776945,NA
"1170","16","X8",-4.39318658010061,NA
"1171","19","X8",-6.33297150037211,"*"
"1172","20","X8",-7.03779570499726,"*"
"1173","21","X8",-4.28711359127393,NA
"1174","24","X8",-4.49567221322545,NA
"1175","25","X8",-3.39961511312016,NA
"1176","33","X8",-3.59252061329134,NA
"1177","11","X13",-3.8887463909351,NA
"1178","22","X13",-2.92728209727092,NA
"1179","26","X13",-3.17224328294403,NA
"1180","35","X13",-2.30479223534843,NA
"1181","36","X13",-1.54549745842173,NA
"1182","37","X13",-5.86160561146236,"*"
"1183","40","X13",-1.96587001456023,NA
"1184","42","X13",0.352462143142967,NA
"1185","3","X13",-1.72165848217734,NA
"1186","14","X13",-5.35540282140007,"*"
"1187","15","X13",-0.320666033058003,NA
"1188","18","X13",-0.31380875875329,NA
"1189","23","X13",-4.78879525174445,NA
"1190","27","X13",-2.00739406712133,NA
"1191","34","X13",-1.06358197075492,NA
"1192","38","X13",-2.77881265056711,NA
"1193","41","X13",-0.100338231082279,NA
"1194","1","X13",-5.16119491893905,"*"
"1195","12","X13",-2.08711901988795,NA
"1196","28","X13",-6.72495955019277,"*"
"1197","29","X13",-5.06202018928834,"*"
"1198","30","X13",-0.61672322494695,NA
"1199","31","X13",-9.08887518076926,"*"
"1200","32","X13",-3.93930664542493,NA
"1201","39","X13",-10.6591468121347,"*"
"1202","2","X13",-11.5157790211118,"*"
"1203","6","X13",-7.63508862668045,"*"
"1204","8","X13",-10.3502254396426,"*"
"1205","13","X13",NA,NA
"1206","4","X13",-1.51919865026782,NA
"1207","5","X13",-3.6629301771344,NA
"1208","17","X13",-4.13766854232004,NA
"1209","7","X13",-4.67686808762167,NA
"1210","9","X13",-3.65037738107708,NA
"1211","10","X13",-5.99712672968747,"*"
"1212","16","X13",-7.60415437793126,"*"
"1213","19","X13",-11.2889516956997,"*"
"1214","20","X13",-5.054849994589,"*"
"1215","21","X13",-10.8895279856532,"*"
"1216","24","X13",-5.98550253396754,"*"
"1217","25","X13",-4.01556921608179,NA
"1218","33","X13",-6.06224996799462,"*"
"1219","11","X4",-0.477838548199489,NA
"1220","22","X4",0.263882836417858,NA
"1221","26","X4",-0.0058340642007882,NA
"1222","35","X4",-0.980486495854382,NA
"1223","36","X4",-7.78681093542863,"*"
"1224","37","X4",-2.66247318085395,NA
"1225","40","X4",-7.13399459940126,"*"
"1226","42","X4",-2.80018183439567,NA
"1227","3","X4",0.438157347587779,NA
"1228","14","X4",-0.580911954785883,NA
"1229","15","X4",0.579393054315529,NA
"1230","18","X4",2.44941038603916,NA
"1231","23","X4",-1.46143080827651,NA
"1232","27","X4",0.0599793028894101,NA
"1233","34","X4",-1.64090293345859,NA
"1234","38","X4",-2.15541572074716,NA
"1235","41","X4",-3.67160420702877,NA
"1236","1","X4",-2.34882741321724,NA
"1237","12","X4",1.82446112947985,NA
"1238","28","X4",-0.740852850945253,NA
"1239","29","X4",0.494372629157105,NA
"1240","30","X4",1.57995449305297,NA
"1241","31","X4",0.00577786204295997,NA
"1242","32","X4",0.202496531665432,NA
"1243","39","X4",0.425790159906088,NA
"1244","2","X4",-0.0294481768246327,NA
"1245","6","X4",-0.251891404443699,NA
"1246","8","X4",-0.358452275359334,NA
"1247","13","X4",-1.51919865026782,NA
"1248","4","X4",NA,NA
"1249","5","X4",-0.340189022855043,NA
"1250","17","X4",-1.18670249412607,NA
"1251","7","X4",-0.121975896160793,NA
"1252","9","X4",4.38654362591262,NA
"1253","10","X4",-0.323862953897768,NA
"1254","16","X4",-1.11197360817474,NA
"1255","19","X4",0.266569745226614,NA
"1256","20","X4",2.95050317602239,NA
"1257","21","X4",-1.77107582389578,NA
"1258","24","X4",0.914484086973231,NA
"1259","25","X4",0.0121726814088047,NA
"1260","33","X4",0.0843808730468599,NA
"1261","11","X5",0.544612066952979,NA
"1262","22","X5",-1.81149656279638,NA
"1263","26","X5",-1.82514181461532,NA
"1264","35","X5",-0.914180161942948,NA
"1265","36","X5",-3.53843752657764,NA
"1266","37","X5",-4.73092159920571,NA
"1267","40","X5",0.0469866686924053,NA
"1268","42","X5",-0.0564171861170193,NA
"1269","3","X5",0.153977987141809,NA
"1270","14","X5",1.16369842379562,NA
"1271","15","X5",0.00585979575954597,NA
"1272","18","X5",1.57980941050733,NA
"1273","23","X5",-0.085120299830586,NA
"1274","27","X5",-0.135178233066353,NA
"1275","34","X5",1.49766690880474,NA
"1276","38","X5",-0.4290225016865,NA
"1277","41","X5",-1.29058533829031,NA
"1278","1","X5",-0.304297987910015,NA
"1279","12","X5",-0.36690339950297,NA
"1280","28","X5",0.197693285342627,NA
"1281","29","X5",0.712784757174036,NA
"1282","30","X5",0.815316618665247,NA
"1283","31","X5",-0.696922732245211,NA
"1284","32","X5",-0.232605902538664,NA
"1285","39","X5",-1.84073211273381,NA
"1286","2","X5",-0.0642049904788301,NA
"1287","6","X5",-0.48476067287362,NA
"1288","8","X5",-1.58214794166597,NA
"1289","13","X5",-3.6629301771344,NA
"1290","4","X5",-0.340189022855043,NA
"1291","5","X5",NA,NA
"1292","17","X5",-0.445275476101716,NA
"1293","7","X5",2.03674625972223,NA
"1294","9","X5",0.924579850120273,NA
"1295","10","X5",0.898410606277782,NA
"1296","16","X5",-1.09457439458751,NA
"1297","19","X5",-1.56615057086432,NA
"1298","20","X5",2.23751906614887,NA
"1299","21","X5",-5.91119202605228,"*"
"1300","24","X5",-0.0442762154819605,NA
"1301","25","X5",0.398215162847913,NA
"1302","33","X5",-0.453747607849042,NA
"1303","11","X17",-0.197144598515185,NA
"1304","22","X17",-0.935963557606259,NA
"1305","26","X17",-3.04858683359171,NA
"1306","35","X17",-0.913821840374491,NA
"1307","36","X17",-6.09358630105175,"*"
"1308","37","X17",-5.27254394484976,"*"
"1309","40","X17",-1.07287425852996,NA
"1310","42","X17",-0.969775745619195,NA
"1311","3","X17",-0.0482533983663995,NA
"1312","14","X17",-4.83812793725265,NA
"1313","15","X17",0.0324985808621337,NA
"1314","18","X17",-0.466728848541505,NA
"1315","23","X17",-3.56361722623056,NA
"1316","27","X17",-1.92152954272789,NA
"1317","34","X17",-2.57653108102492,NA
"1318","38","X17",-0.699164659666682,NA
"1319","41","X17",-1.37840970248265,NA
"1320","1","X17",-3.87459597053221,NA
"1321","12","X17",-1.81270494722108,NA
"1322","28","X17",-2.19040692503167,NA
"1323","29","X17",-1.14003899788099,NA
"1324","30","X17",-1.16310116293537,NA
"1325","31","X17",-5.82555925844337,"*"
"1326","32","X17",-0.355876387844153,NA
"1327","39","X17",-5.40080838262936,"*"
"1328","2","X17",-3.07485534051429,NA
"1329","6","X17",-2.40883116060957,NA
"1330","8","X17",-3.36586416750633,NA
"1331","13","X17",-4.13766854232004,NA
"1332","4","X17",-1.18670249412607,NA
"1333","5","X17",-0.445275476101716,NA
"1334","17","X17",NA,NA
"1335","7","X17",-2.03910195422529,NA
"1336","9","X17",-3.10644282559728,NA
"1337","10","X17",-5.59519985651038,"*"
"1338","16","X17",-6.12857787145444,"*"
"1339","19","X17",-9.24525682023042,"*"
"1340","20","X17",-1.23748915394825,NA
"1341","21","X17",-2.94840107682837,NA
"1342","24","X17",-3.6936343476364,NA
"1343","25","X17",-1.86942071476674,NA
"1344","33","X17",-2.44596505945049,NA
"1345","11","X7",1.22717453220463,NA
"1346","22","X7",-3.22123326909994,NA
"1347","26","X7",-2.16502876038017,NA
"1348","35","X7",-0.715837664737751,NA
"1349","36","X7",-6.03953555831942,"*"
"1350","37","X7",-4.50352106865157,NA
"1351","40","X7",-2.13554583655789,NA
"1352","42","X7",-1.70159290387304,NA
"1353","3","X7",-1.12305721289497,NA
"1354","14","X7",-4.19904650711077,NA
"1355","15","X7",-0.0937263818268518,NA
"1356","18","X7",-0.925595530679061,NA
"1357","23","X7",-1.19452079401225,NA
"1358","27","X7",0.361236315542828,NA
"1359","34","X7",-2.50648342647755,NA
"1360","38","X7",-2.20191464774672,NA
"1361","41","X7",-5.72364934690359,"*"
"1362","1","X7",-2.34103750978929,NA
"1363","12","X7",-1.56898476615607,NA
"1364","28","X7",-4.81102871726645,NA
"1365","29","X7",-10.2407914887396,"*"
"1366","30","X7",-0.667019435599935,NA
"1367","31","X7",-2.49129638519975,NA
"1368","32","X7",-3.77807818586608,NA
"1369","39","X7",-4.57167111841739,NA
"1370","2","X7",-6.57141107782706,"*"
"1371","6","X7",-5.39532665465334,"*"
"1372","8","X7",-5.13061364829873,"*"
"1373","13","X7",-4.67686808762167,NA
"1374","4","X7",-0.121975896160793,NA
"1375","5","X7",2.03674625972223,NA
"1376","17","X7",-2.03910195422529,NA
"1377","7","X7",NA,NA
"1378","9","X7",-3.98471147723862,NA
"1379","10","X7",-3.69316318649822,NA
"1380","16","X7",-5.06349452521024,"*"
"1381","19","X7",-4.9433093497741,"*"
"1382","20","X7",-2.4859103431485,NA
"1383","21","X7",-7.51645648232101,"*"
"1384","24","X7",-10.9970217869873,"*"
"1385","25","X7",-9.02954945316363,"*"
"1386","33","X7",-12.6027519230318,"*"
"1387","11","X9",1.79663551509242,NA
"1388","22","X9",-2.33236483972328,NA
"1389","26","X9",-0.384285382595812,NA
"1390","35","X9",2.60145106640311,NA
"1391","36","X9",-2.91538995162381,NA
"1392","37","X9",0.144758941317886,NA
"1393","40","X9",-2.53615173120367,NA
"1394","42","X9",-0.629126960093813,NA
"1395","3","X9",0.258670877156133,NA
"1396","14","X9",-0.488299590196504,NA
"1397","15","X9",-0.472209351783521,NA
"1398","18","X9",2.94490630939612,NA
"1399","23","X9",1.63039600326779,NA
"1400","27","X9",0.320364336902366,NA
"1401","34","X9",-0.882405470153574,NA
"1402","38","X9",-0.863098973239115,NA
"1403","41","X9",-2.76901166845159,NA
"1404","1","X9",-1.2325836004875,NA
"1405","12","X9",0.701896630848694,NA
"1406","28","X9",-0.256234146412106,NA
"1407","29","X9",-5.74252168142588,"*"
"1408","30","X9",1.01785954550391,NA
"1409","31","X9",0.680822922321871,NA
"1410","32","X9",-3.2276429602887,NA
"1411","39","X9",-0.0760006274863812,NA
"1412","2","X9",-0.7773290922666,NA
"1413","6","X9",-2.18707132397242,NA
"1414","8","X9",-1.70691653812934,NA
"1415","13","X9",-3.65037738107708,NA
"1416","4","X9",4.38654362591262,NA
"1417","5","X9",0.924579850120273,NA
"1418","17","X9",-3.10644282559728,NA
"1419","7","X9",-3.98471147723862,NA
"1420","9","X9",NA,NA
"1421","10","X9",2.2392624017658,NA
"1422","16","X9",-0.054770515114751,NA
"1423","19","X9",-1.55041545124874,NA
"1424","20","X9",-0.848836406999962,NA
"1425","21","X9",-0.958828209436446,NA
"1426","24","X9",-0.820916545753978,NA
"1427","25","X9",-1.44024288034352,NA
"1428","33","X9",-1.53091262127422,NA
"1429","11","X10",-3.47655457344192,NA
"1430","22","X10",-1.82485386195791,NA
"1431","26","X10",-2.63048803123007,NA
"1432","35","X10",0.290677472926605,NA
"1433","36","X10",-4.63792452687338,NA
"1434","37","X10",-0.151528063122629,NA
"1435","40","X10",-7.59150721937838,"*"
"1436","42","X10",-2.70257954733855,NA
"1437","3","X10",-2.84348271609384,NA
"1438","14","X10",-5.08194155334582,"*"
"1439","15","X10",-2.29595598328151,NA
"1440","18","X10",-1.54473118285565,NA
"1441","23","X10",0.522522185358804,NA
"1442","27","X10",-1.84458581638807,NA
"1443","34","X10",-2.45617846459746,NA
"1444","38","X10",-3.66723040752052,NA
"1445","41","X10",-6.12048972608761,"*"
"1446","1","X10",-5.74078460129982,"*"
"1447","12","X10",-2.11797412285568,NA
"1448","28","X10",-0.797409120798054,NA
"1449","29","X10",-4.01083015733658,NA
"1450","30","X10",-0.0960642501804508,NA
"1451","31","X10",-1.26387125159148,NA
"1452","32","X10",-4.65699815323041,NA
"1453","39","X10",-3.55678656016875,NA
"1454","2","X10",-6.76138656609297,"*"
"1455","6","X10",-6.20741574170152,"*"
"1456","8","X10",-4.3091421776945,NA
"1457","13","X10",-5.99712672968747,"*"
"1458","4","X10",-0.323862953897768,NA
"1459","5","X10",0.898410606277782,NA
"1460","17","X10",-5.59519985651038,"*"
"1461","7","X10",-3.69316318649822,NA
"1462","9","X10",2.2392624017658,NA
"1463","10","X10",NA,NA
"1464","16","X10",0.381344872824663,NA
"1465","19","X10",0.280535507666909,NA
"1466","20","X10",0.0660548489213714,NA
"1467","21","X10",-0.689801107001584,NA
"1468","24","X10",-0.866852905703381,NA
"1469","25","X10",-2.9489400963555,NA
"1470","33","X10",-3.23613322882726,NA
"1471","11","X16",-0.94283367415921,NA
"1472","22","X16",-2.26515322587333,NA
"1473","26","X16",-1.75816907612781,NA
"1474","35","X16",-0.118262669930518,NA
"1475","36","X16",-8.46580246079077,"*"
"1476","37","X16",-4.13352502706731,NA
"1477","40","X16",-5.35671309335623,"*"
"1478","42","X16",-1.48228163707917,NA
"1479","3","X16",-0.0828948672089371,NA
"1480","14","X16",-2.85640140637088,NA
"1481","15","X16",-0.63000489564241,NA
"1482","18","X16",-0.593428300278629,NA
"1483","23","X16",-0.231140781075563,NA
"1484","27","X16",-2.16124822731385,NA
"1485","34","X16",-1.24826026653857,NA
"1486","38","X16",-1.09054334321774,NA
"1487","41","X16",-4.52664396298642,NA
"1488","1","X16",-8.16735799425154,"*"
"1489","12","X16",-0.194555298351541,NA
"1490","28","X16",-2.58102086283526,NA
"1491","29","X16",-4.18774424948501,NA
"1492","30","X16",-0.523817045408181,NA
"1493","31","X16",-3.41896526792243,NA
"1494","32","X16",-5.57905659743674,"*"
"1495","39","X16",-9.32097612957558,"*"
"1496","2","X16",-4.03262811450703,NA
"1497","6","X16",-5.62359389421944,"*"
"1498","8","X16",-4.39318658010061,NA
"1499","13","X16",-7.60415437793126,"*"
"1500","4","X16",-1.11197360817474,NA
"1501","5","X16",-1.09457439458751,NA
"1502","17","X16",-6.12857787145444,"*"
"1503","7","X16",-5.06349452521024,"*"
"1504","9","X16",-0.054770515114751,NA
"1505","10","X16",0.381344872824663,NA
"1506","16","X16",NA,NA
"1507","19","X16",-3.42595168128687,NA
"1508","20","X16",-3.93665069258644,NA
"1509","21","X16",-4.82307507921284,NA
"1510","24","X16",-2.29434847151777,NA
"1511","25","X16",-2.62211922683164,NA
"1512","33","X16",-7.54780168059335,"*"
"1513","11","X19",-0.204379838844999,NA
"1514","22","X19",-3.04779537455505,NA
"1515","26","X19",-1.22683128053536,NA
"1516","35","X19",0.292720296448652,NA
"1517","36","X19",-6.82288433146613,"*"
"1518","37","X19",-4.4711552707874,NA
"1519","40","X19",-2.00968420145415,NA
"1520","42","X19",-0.521389896544539,NA
"1521","3","X19",-1.12256565912436,NA
"1522","14","X19",-1.2278456408873,NA
"1523","15","X19",-1.30795378461007,NA
"1524","18","X19",1.01073836606609,NA
"1525","23","X19",1.12330295472928,NA
"1526","27","X19",-0.787877127727311,NA
"1527","34","X19",-1.22541123280088,NA
"1528","38","X19",-3.65164040323637,NA
"1529","41","X19",-2.9878188106529,NA
"1530","1","X19",-6.74134679664802,"*"
"1531","12","X19",-0.297689487603635,NA
"1532","28","X19",-1.18856113900865,NA
"1533","29","X19",-4.26084901051922,NA
"1534","30","X19",2.57305552622622,NA
"1535","31","X19",-0.452783196220831,NA
"1536","32","X19",-3.81810880111352,NA
"1537","39","X19",-2.84612498493565,NA
"1538","2","X19",-7.16399816453156,"*"
"1539","6","X19",-6.02724712964345,"*"
"1540","8","X19",-6.33297150037211,"*"
"1541","13","X19",-11.2889516956997,"*"
"1542","4","X19",0.266569745226614,NA
"1543","5","X19",-1.56615057086432,NA
"1544","17","X19",-9.24525682023042,"*"
"1545","7","X19",-4.9433093497741,"*"
"1546","9","X19",-1.55041545124874,NA
"1547","10","X19",0.280535507666909,NA
"1548","16","X19",-3.42595168128687,NA
"1549","19","X19",NA,NA
"1550","20","X19",-3.01567237826602,NA
"1551","21","X19",-8.67715495218009,"*"
"1552","24","X19",-4.25027660355563,NA
"1553","25","X19",-2.55280807185833,NA
"1554","33","X19",-5.66743508965282,"*"
"1555","11","X20",0.28686998379496,NA
"1556","22","X20",-0.0916839954104783,NA
"1557","26","X20",-0.676927612903897,NA
"1558","35","X20",-0.0133752874265347,NA
"1559","36","X20",-2.54285281553444,NA
"1560","37","X20",-0.195046009525008,NA
"1561","40","X20",-2.16320704713175,NA
"1562","42","X20",-1.54553530555865,NA
"1563","3","X20",-0.560713747473532,NA
"1564","14","X20",-4.34914807089222,NA
"1565","15","X20",-0.474592924422288,NA
"1566","18","X20",-0.616006161691411,NA
"1567","23","X20",0.326253491245852,NA
"1568","27","X20",-0.00193103124513329,NA
"1569","34","X20",-0.412741466999568,NA
"1570","38","X20",-1.58798886478569,NA
"1571","41","X20",-2.03343509009531,NA
"1572","1","X20",-1.58345278796138,NA
"1573","12","X20",-0.485287237372295,NA
"1574","28","X20",-0.642380505715918,NA
"1575","29","X20",-3.77506718460711,NA
"1576","30","X20",0.160198891560903,NA
"1577","31","X20",-1.17985109221685,NA
"1578","32","X20",-5.20355528358462,"*"
"1579","39","X20",-3.85836467982798,NA
"1580","2","X20",-8.06076899872788,"*"
"1581","6","X20",-6.00439843122521,"*"
"1582","8","X20",-7.03779570499726,"*"
"1583","13","X20",-5.054849994589,"*"
"1584","4","X20",2.95050317602239,NA
"1585","5","X20",2.23751906614887,NA
"1586","17","X20",-1.23748915394825,NA
"1587","7","X20",-2.4859103431485,NA
"1588","9","X20",-0.848836406999962,NA
"1589","10","X20",0.0660548489213714,NA
"1590","16","X20",-3.93665069258644,NA
"1591","19","X20",-3.01567237826602,NA
"1592","20","X20",NA,NA
"1593","21","X20",-0.871397756934175,NA
"1594","24","X20",-1.46815635516208,NA
"1595","25","X20",-2.51621058327782,NA
"1596","33","X20",-2.68518225335655,NA
"1597","11","X21",4.44720615453246,NA
"1598","22","X21",-4.86735423032143,NA
"1599","26","X21",-7.85525641142778,"*"
"1600","35","X21",-3.79930621507368,NA
"1601","36","X21",-18.3601968579164,"*"
"1602","37","X21",-9.33707216891129,"*"
"1603","40","X21",-1.99488159932287,NA
"1604","42","X21",-3.32889987498869,NA
"1605","3","X21",0.0603395190270769,NA
"1606","14","X21",-5.11361729943329,"*"
"1607","15","X21",0.265260364854713,NA
"1608","18","X21",-1.54158740501471,NA
"1609","23","X21",-2.98881342284317,NA
"1610","27","X21",-4.18878392872261,NA
"1611","34","X21",-1.83939967029555,NA
"1612","38","X21",-4.91080441647728,"*"
"1613","41","X21",-5.64582613756994,"*"
"1614","1","X21",-7.33273522283036,"*"
"1615","12","X21",-0.278374660362974,NA
"1616","28","X21",-0.800413229687988,NA
"1617","29","X21",-2.51133834623446,NA
"1618","30","X21",0.283433633166032,NA
"1619","31","X21",-7.77445385733398,"*"
"1620","32","X21",-0.436590920371719,NA
"1621","39","X21",-6.83062650289889,"*"
"1622","2","X21",-6.11078984040345,"*"
"1623","6","X21",-5.01256270554889,"*"
"1624","8","X21",-4.28711359127393,NA
"1625","13","X21",-10.8895279856532,"*"
"1626","4","X21",-1.77107582389578,NA
"1627","5","X21",-5.91119202605228,"*"
"1628","17","X21",-2.94840107682837,NA
"1629","7","X21",-7.51645648232101,"*"
"1630","9","X21",-0.958828209436446,NA
"1631","10","X21",-0.689801107001584,NA
"1632","16","X21",-4.82307507921284,NA
"1633","19","X21",-8.67715495218009,"*"
"1634","20","X21",-0.871397756934175,NA
"1635","21","X21",NA,NA
"1636","24","X21",-5.93423730649157,"*"
"1637","25","X21",-4.29991096068075,NA
"1638","33","X21",-7.56458551977636,"*"
"1639","11","X24",2.71294728953136,NA
"1640","22","X24",-4.39581260679943,NA
"1641","26","X24",-2.66487633095963,NA
"1642","35","X24",-0.457593399220091,NA
"1643","36","X24",-8.95327321967339,"*"
"1644","37","X24",-3.45516472564972,NA
"1645","40","X24",-4.4663966031806,NA
"1646","42","X24",-2.32420910616413,NA
"1647","3","X24",-0.542610791588219,NA
"1648","14","X24",-3.11473247638311,NA
"1649","15","X24",-0.606617199312224,NA
"1650","18","X24",2.62334973879022,NA
"1651","23","X24",-0.519371502438729,NA
"1652","27","X24",-0.473615666573861,NA
"1653","34","X24",-1.60064924305315,NA
"1654","38","X24",-2.50615922319794,NA
"1655","41","X24",-5.15254580682898,"*"
"1656","1","X24",-3.23642821746272,NA
"1657","12","X24",-0.444279576884878,NA
"1658","28","X24",-2.63673985935704,NA
"1659","29","X24",-7.2542659815764,"*"
"1660","30","X24",-0.29803492881387,NA
"1661","31","X24",-1.83536958841413,NA
"1662","32","X24",-4.21396229723543,NA
"1663","39","X24",-1.71266659714906,NA
"1664","2","X24",-2.61038121852197,NA
"1665","6","X24",-3.97438559799253,NA
"1666","8","X24",-4.49567221322545,NA
"1667","13","X24",-5.98550253396754,"*"
"1668","4","X24",0.914484086973231,NA
"1669","5","X24",-0.0442762154819605,NA
"1670","17","X24",-3.6936343476364,NA
"1671","7","X24",-10.9970217869873,"*"
"1672","9","X24",-0.820916545753978,NA
"1673","10","X24",-0.866852905703381,NA
"1674","16","X24",-2.29434847151777,NA
"1675","19","X24",-4.25027660355563,NA
"1676","20","X24",-1.46815635516208,NA
"1677","21","X24",-5.93423730649157,"*"
"1678","24","X24",NA,NA
"1679","25","X24",-4.77358060279472,NA
"1680","33","X24",-7.01365195432063,"*"
"1681","11","X25",0.08241969381302,NA
"1682","22","X25",-4.54912971273842,NA
"1683","26","X25",-6.19287339694515,"*"
"1684","35","X25",-0.206439991449732,NA
"1685","36","X25",-7.66663044059394,"*"
"1686","37","X25",-2.54874269315409,NA
"1687","40","X25",-9.27788517443844,"*"
"1688","42","X25",-5.09119097435568,"*"
"1689","3","X25",-6.59617832318926,"*"
"1690","14","X25",-4.62741936138999,NA
"1691","15","X25",-6.40861190749948,"*"
"1692","18","X25",-0.405114956848383,NA
"1693","23","X25",-4.08435976347534,NA
"1694","27","X25",-3.22363199233727,NA
"1695","34","X25",-5.44734684528021,"*"
"1696","38","X25",-3.81727921855614,NA
"1697","41","X25",-10.8511205034673,"*"
"1698","1","X25",-2.65267126050288,NA
"1699","12","X25",-0.974824306067293,NA
"1700","28","X25",-2.85118849969768,NA
"1701","29","X25",-3.54013249085601,NA
"1702","30","X25",-0.91891877403598,NA
"1703","31","X25",-2.35060702732866,NA
"1704","32","X25",-3.97685837842353,NA
"1705","39","X25",-1.31510486800746,NA
"1706","2","X25",-3.7701386742046,NA
"1707","6","X25",-3.98493799098578,NA
"1708","8","X25",-3.39961511312016,NA
"1709","13","X25",-4.01556921608179,NA
"1710","4","X25",0.0121726814088047,NA
"1711","5","X25",0.398215162847913,NA
"1712","17","X25",-1.86942071476674,NA
"1713","7","X25",-9.02954945316363,"*"
"1714","9","X25",-1.44024288034352,NA
"1715","10","X25",-2.9489400963555,NA
"1716","16","X25",-2.62211922683164,NA
"1717","19","X25",-2.55280807185833,NA
"1718","20","X25",-2.51621058327782,NA
"1719","21","X25",-4.29991096068075,NA
"1720","24","X25",-4.77358060279472,NA
"1721","25","X25",NA,NA
"1722","33","X25",-4.96788667916858,"*"
"1723","11","X33",4.31801702889237,NA
"1724","22","X33",-4.51473097261498,NA
"1725","26","X33",-2.89288936508936,NA
"1726","35","X33",-0.38838025541598,NA
"1727","36","X33",-11.5246570336934,"*"
"1728","37","X33",-5.35666694108641,"*"
"1729","40","X33",-6.45316004516575,"*"
"1730","42","X33",-2.78388491644208,NA
"1731","3","X33",-0.420483670892817,NA
"1732","14","X33",-5.3870078137963,"*"
"1733","15","X33",-0.143926730278067,NA
"1734","18","X33",1.22107037722601,NA
"1735","23","X33",-1.95532250435255,NA
"1736","27","X33",-0.893237778377242,NA
"1737","34","X33",-2.48870913072839,NA
"1738","38","X33",-3.45443236296791,NA
"1739","41","X33",-7.9642397961986,"*"
"1740","1","X33",-2.8766521105278,NA
"1741","12","X33",-0.745977725759587,NA
"1742","28","X33",-3.54253781507979,NA
"1743","29","X33",-8.91558609432855,"*"
"1744","30","X33",-1.9013628214601,NA
"1745","31","X33",-2.66417100075876,NA
"1746","32","X33",-6.95730382599407,"*"
"1747","39","X33",-4.58218800371883,NA
"1748","2","X33",-3.77619603557001,NA
"1749","6","X33",-4.58357610410005,NA
"1750","8","X33",-3.59252061329134,NA
"1751","13","X33",-6.06224996799462,"*"
"1752","4","X33",0.0843808730468599,NA
"1753","5","X33",-0.453747607849042,NA
"1754","17","X33",-2.44596505945049,NA
"1755","7","X33",-12.6027519230318,"*"
"1756","9","X33",-1.53091262127422,NA
"1757","10","X33",-3.23613322882726,NA
"1758","16","X33",-7.54780168059335,"*"
"1759","19","X33",-5.66743508965282,"*"
"1760","20","X33",-2.68518225335655,NA
"1761","21","X33",-7.56458551977636,"*"
"1762","24","X33",-7.01365195432063,"*"
"1763","25","X33",-4.96788667916858,"*"
"1764","33","X33",NA,NA
